Timestamp,WorkerID,Status
2026-03-24 22:49:37,geetesh,DENIED
2026-03-24 22:50:14,waylen,DENIED
2026-03-24 22:53:23,geetesh,DENIED
2026-03-24 22:53:51,waylen,DENIED
2026-03-24 22:54:44,geetesh,DENIED
2026-03-24 23:09:16,waylen,DENIED
2026-03-24 23:15:56,geetesh,DENIED
2026-03-24 23:16:25,waylen,DENIED
2026-03-24 23:33:51,waylen,DENIED
2026-03-24 23:34:49,waylen,DENIED
2026-03-24 23:58:04,waylen,DENIED
2026-03-25 01:07:58,geetesh,DENIED
2026-03-25 01:09:52,geetesh,DENIED
2026-03-25 01:11:53,geetesh,DENIED
2026-03-25 01:13:30,waylen,DENIED
2026-03-25 02:02:18,waylen,DENIED
2026-03-25 02:03:23,waylen,DENIED
2026-03-25 02:03:45,waylen,DENIED
2026-03-25 02:04:31,waylen,DENIED
2026-03-25 02:05:48,geetesh,DENIED
2026-03-25 02:11:07,waylen,GRANTED
2026-03-25 02:11:25,waylen,GRANTED
2026-03-25 02:11:48,waylen,GRANTED
2026-03-25 02:12:59,geetesh,GRANTED
2026-03-25 02:13:14,geetesh,GRANTED
2026-03-25 02:13:34,waylen,GRANTED
2026-03-25 02:14:40,geetesh,GRANTED
2026-03-25 02:15:01,waylen,DENIED
2026-03-25 02:15:40,geetesh,GRANTED
2026-03-25 02:17:11,waylen,GRANTED
2026-03-25 02:18:07,geetesh,GRANTED
2026-03-25 02:19:41,geetesh,GRANTED
2026-03-25 02:20:33,geetesh,DENIED
2026-03-25 02:21:09,waylen,DENIED
2026-03-25 02:21:43,waylen,GRANTED
2026-03-25 02:22:09,geetesh,DENIED
2026-03-25 02:22:47,geetesh,DENIED
2026-03-25 02:24:03,geetesh,DENIED
2026-03-25 02:24:32,geetesh,DENIED
2026-03-25 02:25:19,geetesh,DENIED
2026-03-25 02:26:53,geetesh,DENIED
2026-03-25 02:27:19,waylen,DENIED
2026-03-25 02:27:50,geetesh,DENIED
2026-03-25 02:30:05,geetesh,GRANTED
2026-03-25 02:30:36,waylen,GRANTED
2026-03-25 02:30:53,waylen,GRANTED
2026-03-25 02:31:12,waylen,GRANTED
2026-03-25 02:31:38,geetesh,GRANTED
2026-03-25 02:32:20,geetesh,GRANTED
2026-03-25 02:33:23,geetesh,DENIED
2026-03-25 02:35:52,waylen,DENIED
2026-03-25 02:36:21,waylen,DENIED
2026-03-25 02:36:43,waylen,DENIED
2026-03-25 02:38:38,waylen,GRANTED
2026-03-25 02:40:10,waylen1,GRANTED
2026-03-25 02:40:26,waylen1,GRANTED
2026-03-25 02:41:03,waylen1,GRANTED
2026-03-25 02:41:49,waylen,GRANTED
2026-03-25 02:42:01,waylen1,GRANTED
2026-03-25 02:42:42,waylen1,GRANTED
2026-03-25 02:43:12,waylen,GRANTED
2026-03-25 02:43:22,waylen1,GRANTED
2026-03-25 02:44:02,waylen1,GRANTED
2026-03-25 02:44:21,waylen,GRANTED
2026-03-25 02:45:19,waylen1,GRANTED
2026-03-25 02:45:27,geetesh,GRANTED
2026-03-25 02:45:36,waylen1,GRANTED
2026-03-25 02:46:53,geetesh,DENIED
2026-03-25 02:47:39,waylen,GRANTED
2026-03-25 02:47:55,waylen1,GRANTED
2026-03-25 02:53:35,waylen1,DENIED
2026-03-25 02:53:57,waylen1,DENIED
2026-03-25 02:54:21,waylen1,GRANTED
2026-03-25 02:55:41,waylen1,DENIED
2026-03-25 02:56:28,waylen1,DENIED
2026-03-25 02:57:51,waylen1,GRANTED
2026-03-25 02:58:04,waylen1,GRANTED
2026-03-25 02:59:00,waylen1,GRANTED
2026-03-25 02:59:37,waylen1,GRANTED
2026-03-25 03:00:05,waylen1,DENIED
2026-03-25 03:00:56,waylen1,GRANTED
2026-03-25 03:01:18,waylen1,DENIED
2026-03-25 03:01:38,waylen1,DENIED
2026-03-25 03:01:59,waylen1,DENIED
2026-03-25 03:02:35,waylen1,GRANTED
2026-03-25 03:02:55,waylen1,GRANTED
2026-03-25 03:03:26,waylen,GRANTED
2026-03-25 03:03:36,waylen1,GRANTED
2026-03-25 03:04:10,waylen1,GRANTED
2026-03-25 03:04:31,waylen1,DENIED
2026-03-25 03:05:32,waylen1,GRANTED
2026-03-25 03:15:19,waylen,GRANTED
2026-03-25 03:17:03,waylen,DENIED
2026-03-25 03:17:42,waylen,GRANTED
2026-03-25 03:17:59,waylen1,DENIED
2026-03-25 03:18:21,waylen1,GRANTED
2026-03-25 03:18:46,waylen1,GRANTED
2026-03-25 03:19:06,waylen,GRANTED
2026-03-25 03:19:21,waylen1,DENIED
2026-03-25 03:21:16,waylen1,GRANTED
2026-03-25 03:23:14,waylen1,GRANTED
2026-03-25 03:29:48,waylen1,DENIED
2026-03-25 03:31:30,geetesh,DENIED
2026-03-25 03:32:10,geetesh,DENIED
2026-03-25 03:32:29,geetesh,GRANTED
2026-03-25 03:38:58,waylen1,DENIED
2026-03-25 03:46:58,geetesh,DENIED
2026-03-25 03:47:11,geetesh,GRANTED
2026-03-25 08:16:55,waylen,GRANTED
2026-03-25 08:17:03,waylen1,GRANTED
2026-03-25 08:47:49,waylen1,GRANTED
2026-03-25 09:24:30,waylen1,GRANTED,logs/helmet_photos\waylen1_20260325_092430_helmet.jpg
2026-03-25 09:47:28,waylen1,GRANTED,logs/helmet_photos\waylen1_20260325_094728_helmet.jpg
2026-03-25 10:02:21,waylen1,GRANTED,logs/helmet_photos\waylen1_20260325_100221_helmet.jpg
2026-03-25 10:02:37,waylen1,GRANTED,logs/helmet_photos\waylen1_20260325_100237_helmet.jpg
2026-03-25 10:05:48,waylen1,GRANTED,logs/helmet_photos\waylen1_20260325_100548_helmet.jpg
2026-03-25 10:06:54,waylen1,GRANTED,logs/helmet_photos\waylen1_20260325_100654_helmet.jpg
2026-03-25 10:07:25,waylen1,GRANTED,logs/helmet_photos\waylen1_20260325_100725_helmet.jpg
2026-03-25 10:07:46,waylen1,GRANTED,logs/helmet_photos\waylen1_20260325_100746_helmet.jpg
2026-03-25 10:08:52,waylen1,GRANTED,logs/helmet_photos\waylen1_20260325_100852_helmet.jpg
2026-03-25 10:09:12,waylen1,GRANTED,logs/helmet_photos\waylen1_20260325_100912_helmet.jpg
2026-03-25 10:09:25,waylen1,GRANTED,logs/helmet_photos\waylen1_20260325_100925_helmet.jpg
2026-03-25 10:10:23,waylen1,GRANTED,logs/helmet_photos\waylen1_20260325_101023_helmet.jpg
2026-03-25 10:15:09,waylen1,GRANTED,logs/helmet_photos\waylen1_20260325_101509_helmet.jpg
2026-03-25 10:15:44,waylen1,GRANTED,logs/helmet_photos\waylen1_20260325_101544_helmet.jpg
2026-03-25 10:50:00,waylen1,DENIED,N/A
2026-03-25 10:50:12,waylen,DENIED,N/A
2026-03-25 10:50:26,waylen,DENIED,N/A
2026-03-25 10:51:34,waylen,DENIED,N/A
2026-03-25 10:52:02,waylen,GRANTED,logs/helmet_photos\waylen_20260325_105202_helmet.jpg
2026-03-25 10:52:13,geetesh2,GRANTED,logs/helmet_photos\geetesh2_20260325_105213_helmet.jpg
2026-03-25 11:09:09,waylen,GRANTED,logs/helmet_photos\waylen_20260325_110909_helmet.jpg
2026-03-25 11:09:55,waylen1,DENIED,N/A
2026-03-25 11:10:56,waylen,DENIED,N/A
2026-03-25 11:11:17,waylen,DENIED,N/A
2026-03-25 11:12:18,geetesh,DENIED,N/A
2026-03-25 11:12:26,waylen,GRANTED,logs/helmet_photos\waylen_20260325_111226_helmet.jpg
2026-03-25 11:13:24,geetesh,GRANTED,logs/helmet_photos\geetesh_20260325_111324_helmet.jpg
2026-03-25 11:14:17,geetesh,DENIED,N/A
2026-03-25 11:14:42,geetesh,GRANTED,logs/helmet_photos\geetesh_20260325_111442_helmet.jpg
2026-03-25 11:15:11,waylen,DENIED,N/A
2026-03-25 11:15:46,geetesh,GRANTED,logs/helmet_photos\geetesh_20260325_111546_helmet.jpg
2026-03-25 11:16:27,waylen1,DENIED,N/A
2026-03-25 11:17:55,waylen1,DENIED,N/A
2026-03-25 11:18:14,waylen,DENIED,N/A
2026-03-25 11:18:28,waylen,GRANTED,logs/helmet_photos\waylen_20260325_111828_helmet.jpg
2026-03-25 11:19:18,geetesh,DENIED,N/A
2026-03-25 11:19:32,geetesh,GRANTED,logs/helmet_photos\geetesh_20260325_111932_helmet.jpg
2026-03-25 11:19:55,waylen,DENIED,N/A
2026-03-25 11:20:13,waylen,GRANTED,logs/helmet_photos\waylen_20260325_112013_helmet.jpg
2026-03-25 11:20:45,waylen1,GRANTED,logs/helmet_photos\waylen1_20260325_112045_helmet.jpg
2026-03-25 11:21:05,waylen,DENIED,N/A
2026-03-25 11:21:24,geetesh,DENIED,N/A
2026-03-25 11:21:45,waylen1,DENIED,N/A
2026-03-25 11:21:54,waylen,GRANTED,logs/helmet_photos\waylen_20260325_112154_helmet.jpg
2026-03-25 11:22:27,geetesh,DENIED,N/A
2026-03-25 11:22:45,geetesh,DENIED,N/A
2026-03-25 11:23:04,geetesh,GRANTED,logs/helmet_photos\geetesh_20260325_112304_helmet.jpg
2026-03-25 11:23:18,waylen1,GRANTED,logs/helmet_photos\waylen1_20260325_112318_helmet.jpg
2026-03-25 11:23:39,waylen,DENIED,N/A
2026-03-25 11:24:08,geetesh,DENIED,N/A
2026-03-25 11:24:22,waylen,GRANTED,logs/helmet_photos\waylen_20260325_112422_helmet.jpg
2026-03-25 11:24:39,geetesh,GRANTED,logs/helmet_photos\geetesh_20260325_112439_helmet.jpg
2026-03-25 11:25:05,waylen1,DENIED,N/A
2026-03-25 11:25:22,waylen1,GRANTED,logs/helmet_photos\waylen1_20260325_112522_helmet.jpg
2026-03-25 11:25:30,geetesh,GRANTED,logs/helmet_photos\geetesh_20260325_112530_helmet.jpg
2026-03-25 11:26:05,waylen,DENIED,N/A
2026-03-25 11:26:16,geetesh,GRANTED,logs/helmet_photos\geetesh_20260325_112616_helmet.jpg
2026-03-25 11:26:35,waylen1,DENIED,N/A
2026-03-25 11:27:03,geetesh,DENIED,N/A
2026-03-25 11:27:21,waylen1,DENIED,N/A
2026-03-25 11:27:40,waylen1,DENIED,N/A
2026-03-25 11:28:04,waylen1,DENIED,N/A
2026-03-25 11:28:23,waylen,DENIED,N/A
2026-03-25 11:28:42,geetesh,DENIED,N/A
2026-03-25 11:29:01,waylen1,GRANTED,logs/helmet_photos\waylen1_20260325_112901_helmet.jpg
2026-03-25 11:29:24,geetesh,DENIED,N/A
2026-03-25 11:29:41,waylen,DENIED,N/A
2026-03-25 11:30:04,waylen1,DENIED,N/A
2026-03-25 11:30:22,waylen,DENIED,N/A
2026-03-25 11:30:40,waylen,DENIED,N/A
2026-03-25 11:30:57,waylen,DENIED,N/A
2026-03-25 11:31:16,waylen,DENIED,N/A
2026-03-25 11:31:34,waylen1,DENIED,N/A
2026-03-25 11:31:52,waylen1,DENIED,N/A
2026-03-25 11:32:57,waylen,DENIED,N/A
2026-03-25 11:33:14,waylen1,DENIED,N/A
2026-03-25 11:33:49,geetesh,DENIED,N/A
2026-03-25 11:34:05,waylen1,DENIED,N/A
2026-03-25 11:34:22,waylen1,DENIED,N/A
2026-03-25 11:34:40,waylen,GRANTED,logs/helmet_photos\waylen_20260325_113440_helmet.jpg
2026-03-25 11:35:06,geetesh,DENIED,N/A
2026-03-25 11:35:24,geetesh2,GRANTED,logs/helmet_photos\geetesh2_20260325_113524_helmet.jpg
2026-03-25 11:35:39,waylen1,GRANTED,logs/helmet_photos\waylen1_20260325_113539_helmet.jpg
2026-03-25 11:35:59,geetesh,DENIED,N/A
2026-03-25 11:36:23,geetesh2,DENIED,N/A
2026-03-25 11:36:42,waylen,DENIED,N/A
2026-03-25 11:36:59,waylen,DENIED,N/A
2026-03-25 11:37:18,geetesh,DENIED,N/A
2026-03-25 11:37:37,geetesh,DENIED,N/A
2026-03-25 11:37:55,waylen,DENIED,N/A
2026-03-25 11:38:15,waylen1,DENIED,N/A
2026-03-25 11:38:33,waylen,DENIED,N/A
2026-03-25 11:38:54,geetesh,DENIED,N/A
2026-03-25 11:39:15,geetesh,DENIED,N/A
2026-03-25 11:39:37,waylen1,DENIED,N/A
2026-03-25 11:40:02,waylen,DENIED,N/A
2026-03-25 11:40:24,geetesh2,DENIED,N/A
2026-03-25 11:40:49,waylen,DENIED,N/A
2026-03-25 11:41:12,waylen1,DENIED,N/A
2026-03-25 11:41:27,waylen,GRANTED,logs/helmet_photos\waylen_20260325_114127_helmet.jpg
2026-03-25 11:41:51,waylen1,DENIED,N/A
2026-03-25 11:42:17,geetesh2,DENIED,N/A
2026-03-25 11:42:37,waylen1,DENIED,N/A
2026-03-25 11:42:56,geetesh,DENIED,N/A
2026-03-25 11:43:17,geetesh,DENIED,N/A
2026-03-25 11:43:41,geetesh2,DENIED,N/A
2026-03-25 11:44:03,waylen1,DENIED,N/A
2026-03-25 11:44:23,waylen,DENIED,N/A
2026-03-25 11:44:42,waylen,DENIED,N/A
2026-03-25 11:45:03,waylen,DENIED,N/A
2026-03-25 11:45:26,geetesh,DENIED,N/A
2026-03-25 11:45:47,waylen1,DENIED,N/A
2026-03-25 11:46:00,geetesh,GRANTED,logs/helmet_photos\geetesh_20260325_114600_helmet.jpg
2026-03-25 11:46:54,waylen1,DENIED,N/A
2026-03-25 11:47:16,waylen,DENIED,N/A
2026-03-25 11:47:39,waylen,DENIED,N/A
2026-03-25 11:47:48,waylen1,GRANTED,logs/helmet_photos\waylen1_20260325_114748_helmet.jpg
2026-03-25 11:48:11,waylen,DENIED,N/A
2026-03-25 11:48:35,geetesh1,DENIED,N/A
2026-03-25 11:48:54,geetesh1,GRANTED,logs/helmet_photos\geetesh1_20260325_114854_helmet.jpg
2026-03-25 11:49:16,waylen,DENIED,N/A
2026-03-25 11:49:27,geetesh2,GRANTED,logs/helmet_photos\geetesh2_20260325_114927_helmet.jpg
2026-03-25 11:51:07,waylen1,GRANTED,logs/helmet_photos\waylen1_20260325_115107_helmet.jpg
